Pais,Sede,Red Social,URL
AUSTRALIA,CFDIG,Facebook,https://www.facebook.com/ArgentinaEnFozDeIguazu
AUSTRALIA,CFDIG,Instagram,https://www.instagram.com/argentinaenfoz/
AUSTRALIA,CSIDN,Facebook,https://www.facebook.com/ArgentinaEnSidney/
AUSTRALIA,EAUST,Facebook,https://www.facebook.com/ArgentinaEnAustralia/
BARBADOS,CMADR,Facebook,https://www.facebook.com/ArgentinaEnMadridEsp/
BARBADOS,EBARB,Facebook,https://www.facebook.com/ArgentinaEnBarbados/
CANADÁ,CFLOR,Facebook,https://www.facebook.com/cflor.mrecic.gov.ar
CANADÁ,CTORO,Facebook,https://www.facebook.com/ArgentinaEnToronto/
CANADÁ,CTORO,Instagram,https://www.instagram.com/consuladoargtoronto/
CANADÁ,ECANA,Facebook,https://www.facebook.com/ArgentinaInCanada
CANADÁ,ECANA,Instagram,https://www.instagram.com/argentinaincanada/
CANADÁ,ECANA,Linkedin,https://www.linkedin.com/company/argentinaincanada
CANADÁ,ECANA,Youtube,https://www.youtube.com/channel/UC77DGXZ2ppExRtV4WS4IV-A
EMIRATOS  ÁRABES  UNIDOS,EEARB,Facebook,https://www.facebook.com/ArgentinaEnEmiratosArabesUnidos
ESTADO  DE  ISRAEL,CGTEL,Facebook,https://www.facebook.com/ArgentinaEnIsrael/
ESTADO  DE  ISRAEL,EISRA,Facebook,https://www.facebook.com/ArgEnIsrael
ESTADO  DE  ISRAEL,REPAL,Facebook,https://www.facebook.com/ArgEnPalestina
ESTADO  PLURINACIONAL  DE  BOLIVIA,CMALL,Facebook,https://www.facebook.com/ArgentinaEnPalmaDeMallorca
ESTADOS  UNIDOS  DE  AMÉRICA,CANTO,Facebook,https://www.facebook.com/Consulado-de-la-Rep%C3%BAblica-Argentina-en-Antofagasta-255728465291743/
ESTADOS  UNIDOS  DE  AMÉRICA,CBONN,Facebook,https://www.facebook.com/ConsuladoArgentinoenBonn
ESTADOS  UNIDOS  DE  AMÉRICA,CBONN,Instagram,http://www.instagram.com/consulado.argentino.bonn
ESTADOS  UNIDOS  DE  AMÉRICA,CCEST,Facebook,https://www.facebook.com/ArgEnCiudaddeleste/
ESTADOS  UNIDOS  DE  AMÉRICA,CCEST,Instagram,https://www.instagram.com/argenciudaddeleste
ESTADOS  UNIDOS  DE  AMÉRICA,CCHIC,Facebook,https://www.facebook.com/ArgentinaEnChicago
ESTADOS  UNIDOS  DE  AMÉRICA,CCHIC,Youtube,https://www.youtube.com/channel/UCjZ3a6zTr156aP_zg-1lQfQ/featured
ESTADOS  UNIDOS  DE  AMÉRICA,CNYOR,Facebook,https://www.facebook.com/ARGenNewYork
ESTADOS  UNIDOS  DE  AMÉRICA,CNYOR,Instagram,https://www.instagram.com/argennewyork/
ESTADOS  UNIDOS  DE  AMÉRICA,CNYOR,Youtube,https://www.youtube.com/channel/UCJFygvT8lgEo1PrQqsHqMKg
ESTADOS  UNIDOS  DE  AMÉRICA,CVILL,Facebook,https://www.facebook.com/ArgEnVillazon
ESTADOS  UNIDOS  DE  AMÉRICA,EEEUU,Facebook,https://www.facebook.com/ARGinUSA/
ESTADOS  UNIDOS  DE  AMÉRICA,EEEUU,Instagram,https://www.instagram.com/ARGinUSA/
ESTADOS  UNIDOS  DE  AMÉRICA,EEEUU,Otras,https://www.flickr.com/photos/ARGinUSA/
ESTADOS  UNIDOS  DE  AMÉRICA,EEEUU,Youtube,https://www.youtube.com/ARGinUSA
ESTADOS  UNIDOS  MEXICANOS,CCOLO,Facebook,https://www.facebook.com/ArgentinaenColonia
ESTADOS  UNIDOS  MEXICANOS,EMEXI,Facebook,https://www.facebook.com/ARGenMexico/
ESTADOS  UNIDOS  MEXICANOS,EMEXI,Instagram,https://www.instagram.com/embargenmexico/
ESTADOS  UNIDOS  MEXICANOS,EMEXI,Youtube,https://www.youtube.com/user/EmbaArgenMX
FEDERACIÓN  DE  RUSIA,EFRUS,Facebook,https://www.facebook.com/EMBAJADAARGENTINAENMOSCU
HUNGRÍA,EUNGR,Facebook,https://www.facebook.com/ArgentinaEnHungria
IRLANDA,EIRLA,Facebook,https://www.facebook.com/ArgentinaEnIrlanda/
IRLANDA,EIRLA,Instagram,https://www.instagram.com/embajadaargentinairlanda
IRLANDA,EUNES,Facebook,https://www.facebook.com/delegation.argentine/
JAMAICA,EJAMA,Facebook,https://www.facebook.com/ArgentinaEnJamaica/
MALASIA,EMSIA,Facebook,https://www.facebook.com/ArgentinaEnMalasia
REINO  DE  BÉLGICA,CMALD,Facebook,https://www.facebook.com/pg/ConsuladoArgentinoenMaldonado/posts/?ref=page_internal
REINO  DE  BÉLGICA,CMALD,Instagram,https://www.instagram.com/consulado_argentino/
REINO  DE  BÉLGICA,EBELG,Facebook,https://www.facebook.com/ArgentinaEnBelgica/
REINO  DE  BÉLGICA,EBELG,Instagram,https://www.instagram.com/argenbelgica/
REINO  DE  BÉLGICA,ECEUR,Facebook,https://www.facebook.com/ARGanteUE
REINO  DE  BÉLGICA,ECEUR,Linkedin,https://www.linkedin.com/company/arganteue
REINO  DE  BÉLGICA,ECEUR,Otras,https://www.flickr.com/people/197084220@N02/
REINO  DE  BÉLGICA,ECEUR,Youtube,https://www.youtube.com/@ARGanteUE
REINO  DE  DINAMARCA,EDINA,Facebook,https://www.facebook.com/EmbajadadeArgentinaenDinamarca/
REINO  DE  ESPAÑA,CALEG,Facebook,https://www.facebook.com/ArgentinaEnPortoAlegre/
REINO  DE  ESPAÑA,CALEG,Instagram,https://www.instagram.com/argenportoalegre/
REINO  DE  ESPAÑA,CVIGO,Instagram,https://www.instagram.com/argenvigo/
REINO  DE  ESPAÑA,EESPA,Facebook,https://www.facebook.com/argenespa/
REINO  DE  ESPAÑA,EESPA,Instagram,https://www.instagram.com/argenespa/
REINO  DE  LOS  PAÍSES  BAJOS,EPBAJ,Facebook,https://www.facebook.com/ArgEnPaisesBajos/
REINO  DE  MARRUECOS,EMARR,Instagram,https://www.instagram.com/marruecos.embajada/
REINO  DE  NORUEGA,ENORU,Facebook,https://www.facebook.com/ArgentinaEnNoruega/
REINO  DE  NORUEGA,ENORU,Instagram,https://www.instagram.com/ARGenNoruega/
REINO  DE  SUECIA,ESUEC,Facebook,https://www.facebook.com/arginsweden/
REINO  DE  SUECIA,ESUEC,Instagram,https://www.instagram.com/arginsweden/
REINO  DE  TAILANDIA,ETAIL,Facebook,https://www.facebook.com/ArgEnTailandiaBangkok/?tn-str=k*F
REINO  UNIDO  DE  GRAN  BRETAÑA  E  IRLANDA  DEL  NORTE,ERUNI,Facebook,https://www.facebook.com/ARGinUK/
REINO  UNIDO  DE  GRAN  BRETAÑA  E  IRLANDA  DEL  NORTE,ERUNI,Instagram,https://www.instagram.com/arginuk/
REINO  UNIDO  DE  GRAN  BRETAÑA  E  IRLANDA  DEL  NORTE,ERUNI,Otras,https://www.flickr.com/photos/138300767@N07/albums
REINO  UNIDO  DE  GRAN  BRETAÑA  E  IRLANDA  DEL  NORTE,ERUNI,Youtube,https://www.youtube.com/channel/UCzaGU10f-77SR56kini9-1g/videos?view_as=subscriber
REPÚBLICA  ARGELINA  DEMOCRÁTICA  Y  POPULAR,CHOUS,Facebook,https://www.facebook.com/ArgentinaEnHouston/
REPÚBLICA  BOLIVARIANA  DE  VENEZUELA,EVENE,Facebook,https://www.facebook.com/EmbajadaArgentinaEnVenezuela
REPÚBLICA  BOLIVARIANA  DE  VENEZUELA,EVENE,Instagram,https://www.instagram.com/argenvenezuela/
REPÚBLICA  CHECA,ECHES,Facebook,https://www.facebook.com/ArgentinaEnRepCheca/
REPÚBLICA  CHECA,ECHES,Instagram,https://www.instagram.com/argentinaenpraga
REPÚBLICA  DE  ANGOLA,EANGO,Facebook,https://www.facebook.com/ArgentinaEnAngola/
REPÚBLICA  DE  ANGOLA,EANGO,Instagram,https://www.instagram.com/embargentinaenangola/
REPÚBLICA  DE  ARMENIA,EARME,Facebook,https://www.facebook.com/ArgentinaEnArmenia
REPÚBLICA  DE  ARMENIA,EARME,Instagram,https://www.instagram.com/arginarmenia/
REPÚBLICA  DE  AUSTRIA,ETRIA,Facebook,https://www.facebook.com/ArgentinaEnAustria/
REPÚBLICA  DE  AUSTRIA,ETRIA,Instagram,https://www.instagram.com/argenviena/
REPÚBLICA  DE  AZERBAIYÁN,CLOND,Instagram,https://www.instagram.com/consuladoargentinoenlondres/
REPÚBLICA  DE  AZERBAIYÁN,EAZER,Facebook,https://www.facebook.com/EmbassyOfArgentina/
REPÚBLICA  DE  CHILE,EHILE,Facebook,https://www.facebook.com/EmbArgentinaEnChile
REPÚBLICA  DE  CHILE,EHILE,Instagram,https://www.instagram.com/embargenchile/
REPÚBLICA  DE  COLOMBIA,ECOLO,Facebook,https://www.facebook.com/ArgColombia/?ref=bookmarks
REPÚBLICA  DE  COREA,CSBAH,Facebook,https://www.facebook.com/ArgentinaenSalvador
REPÚBLICA  DE  COREA,CSBAH,Instagram,https://www.instagram.com/argentinaensalvador
REPÚBLICA  DE  COREA,ECORE,Facebook,https://www.facebook.com/ArgentinaEnCorea/
REPÚBLICA  DE  COREA,ECORE,Instagram,https://www.instagram.com/embajadaargentinaencorea1/?hl=es
REPÚBLICA  DE  COSTA  RICA,ERICA,Facebook,https://www.facebook.com/argentinaencostarica/
REPÚBLICA  DE  CUBA,ECUBA,Facebook,https://www.facebook.com/ArgentinaEnCubaLaHabana/
REPÚBLICA  DE  EL  SALVADOR,ESALV,Facebook,https://www.facebook.com/ArgentinaEnElSalvador/
REPÚBLICA  DE  EL  SALVADOR,ESALV,Instagram,https://www.instagram.com/embargenelsalvador/
REPÚBLICA  DE  FILIPINAS,EFILI,Facebook,https://www.facebook.com/ArgentinaEnFilipinas
REPÚBLICA  DE  FILIPINAS,EFILI,Instagram,https://www.instagram.com/argentinaenfilipinas/
REPÚBLICA  DE  FINLANDIA,EBULG,Facebook,https://www.facebook.com/ArgentinaEnBulgaria/
REPÚBLICA  DE  FINLANDIA,EBULG,Youtube,https://www.youtube.com/channel/UCK-uSxN84lEMqJwCviEjZow
REPÚBLICA  DE  HONDURAS,EOIRS,Facebook,https://www.facebook.com/ArgentinaEnGinebra
REPÚBLICA  DE  HONDURAS,EOIRS,Youtube,https://www.youtube.com/channel/UCSOsChik8j7nFJZnPq6K7Ag
REPÚBLICA  DE  KENYA,EKENY,Instagram,https://www.instagram.com/argenkenya/
REPÚBLICA  DE  LA  INDIA,CGMUM,Facebook,https://www.facebook.com/argenmumbai
REPÚBLICA  DE  LA  INDIA,CGMUM,Instagram,https://www.instagram.com/argenmumbai
REPÚBLICA  DE  LA  INDIA,EINDI,Facebook,https://www.facebook.com/ArgentinaEnInd
REPÚBLICA  DE  LA  INDIA,EINDI,Instagram,https://www.instagram.com/argentinaenind/
REPÚBLICA  DE  LA  INDIA,EPARA,Facebook,https://www.facebook.com/embajada.paraguay
REPÚBLICA  DE  MOZAMBIQUE,EMOZA,Facebook,https://www.facebook.com/ArgentinaEnMozambique/
REPÚBLICA  DE  POLONIA,EPOLO,Facebook,https://www.facebook.com/Embajada-de-la-Rep%C3%BAblica-Argentina-en-Polonia-1726942037398853/
REPÚBLICA  DE  SUDÁFRICA,ESAFR,Instagram,https://www.instagram.com/argentinaensudafrica
REPÚBLICA  DEL  ECUADOR,CVALP,Facebook,https://www.facebook.com/ArgentinaEnValparaiso
REPÚBLICA  DEL  ECUADOR,EECUA,Facebook,https://www.facebook.com/Argentina-en-Ecuador-772092829594964/?ref=bookmarks
REPÚBLICA  DEL  ECUADOR,EECUA,Youtube,https://www.youtube.com/channel/UC7FnoaJNif8jQLyBb4QDKng
REPÚBLICA  DEL  PERÚ,EPERU,Facebook,https://www.facebook.com/ArgentinaEnPeru
REPÚBLICA  DEMOCRÁTICA  FEDERAL  DE  ETIOPÍA,EARAB,Facebook,https://www.facebook.com/argentinaenarabiasaudita/
REPÚBLICA  DEMOCRÁTICA  FEDERAL  DE  ETIOPÍA,EARAB,Instagram,https://www.instagram.com/arginsaudi/
REPÚBLICA  DEMOCRÁTICA  FEDERAL  DE  ETIOPÍA,EETIO,Facebook,https://www.facebook.com/ArgEnEtiopia/
REPÚBLICA  DEMOCRÁTICA  FEDERAL  DE  ETIOPÍA,EETIO,Instagram,https://www.instagram.com/embaargenetiopia/
REPÚBLICA  FEDERAL  DE  ALEMANIA,CAREN,Facebook,https://www.facebook.com/profile.php?id=100014152878593
REPÚBLICA  FEDERAL  DE  ALEMANIA,EALEM,Facebook,https://www.facebook.com/ArgEnAlemania/
REPÚBLICA  FEDERAL  DE  NIGERIA,ENIGE,Facebook,https://www.facebook.com/ArgentinaEnNigeria/
REPÚBLICA  FEDERAL  DE  NIGERIA,ENIGE,Instagram,https://www.instagram.com/embargennigeria/?igshid=f0laoeu8lhv8
REPÚBLICA  FEDERATIVA  DEL  BRASIL,CCURI,Facebook,https://www.facebook.com/ArgEnCuritiba/
REPÚBLICA  FEDERATIVA  DEL  BRASIL,CMDEO,Facebook,https://www.facebook.com/ArgentinaEnMontevideo/
REPÚBLICA  FEDERATIVA  DEL  BRASIL,CRECI,Facebook,https://www.facebook.com/ArgentinaEnBrasilRecife
REPÚBLICA  FEDERATIVA  DEL  BRASIL,CRECI,Instagram,https://www.instagram.com/consuladoargentinorecife
REPÚBLICA  FEDERATIVA  DEL  BRASIL,CRIOJ,Facebook,https://www.facebook.com/ArgentinaEnRiodeJaneiro/
REPÚBLICA  FEDERATIVA  DEL  BRASIL,CURUG,Facebook,https://www.facebook.com/ArgEnUruguayana/
REPÚBLICA  FEDERATIVA  DEL  BRASIL,EBRAS,Facebook,https://www.facebook.com/embargbrasil
REPÚBLICA  FEDERATIVA  DEL  BRASIL,EBRAS,Instagram,https://www.instagram.com/embaargenbrasil
REPÚBLICA  FRANCESA,EFRAN,Facebook,https://www.facebook.com/ArgentinaEnFrancia/
REPÚBLICA  HELÉNICA,EGREC,Facebook,https://www.facebook.com/ArgentinaEnGrecia
REPÚBLICA  HELÉNICA,EGREC,Youtube,https://www.youtube.com/channel/UCFaKsErEs33zEdzJbnrzOog/featured
REPÚBLICA  ITALIANA,CMILA,Facebook,https://www.facebook.com/ConsuladoArgentinoenMilan
REPÚBLICA  ITALIANA,CMILA,Instagram,https://www.instagram.com/consuladoargentinoenmilan/
REPÚBLICA  ITALIANA,CMILA,Youtube,https://www.youtube.com/channel/UCZdYeN4gttYEyX15xxkUNWQ
REPÚBLICA  ITALIANA,EITAL,Instagram,https://www.instagram.com/arginitalia/?hl=es
REPÚBLICA  LIBANESA,ELBNO,Facebook,https://www.facebook.com/ArgentinaEnLibano
REPÚBLICA  ORIENTAL  DEL  URUGUAY,EURUG,Facebook,https://www.facebook.com/ArgentinaEnUru/
REPÚBLICA  ORIENTAL  DEL  URUGUAY,EURUG,Instagram,https://www.instagram.com/argentinaenuru/
REPÚBLICA  POPULAR  DE  CHINA,CBELO,Facebook,https://www.facebook.com/ArgentinaEnBeloHorizonte/
REPÚBLICA  POPULAR  DE  CHINA,CBELO,Instagram,https://www.instagram.com/consgralbelo/
REPÚBLICA  POPULAR  DE  CHINA,CPMON,Facebook,https://www.facebook.com/ArgentinaEnPuertoMontt/
REPÚBLICA  SOCIALISTA  DE  VIETNAM,EVIET,Facebook,https://www.facebook.com/ArgentinaEnVietnam/
REPÚBLICA  SOCIALISTA  DE  VIETNAM,EVIET,Instagram,https://www.instagram.com/argenvietnam/
REPÚBLICA  TUNECINA,ETUNE,Facebook,https://www.facebook.com/ArgEnTunez/
REPÚBLICA  TUNECINA,ETUNE,Instagram,https://www.instagram.com/embargentinatn
REPÚBLICA  TUNECINA,ETUNE,Twitter,https://www.twitter.com/EmbajadaTunez
REPÚBLICA  TUNECINA,ETUNE,Youtube,https://www.youtube.com/channel/UC8kSZug1SPHrp3r1hGzhjtg
REPÚBLICA  ÁRABE  SIRIA,CLANG,Facebook,https://www.facebook.com/ArgentinaEnLosAngeles/?ref=aymt_homepage_panel
REPÚBLICA  ÁRABE  SIRIA,EASIR,Facebook,https://www.facebook.com/Embajada-Argentina-en-Siria-112176794025495
RUMANIA,ERUMA,Facebook,https://www.facebook.com/ArgentinaEnRumania
RUMANIA,ERUMA,Instagram,https://www.instagram.com/argentinaenrumania
SANTA  SEDE,ESSED,Facebook,https://www.facebook.com/ArgEnSantaSede
SANTA  SEDE,ESSED,Instagram,https://www.instagram.com/argensantasede/
SANTA  SEDE,ESSED,Youtube,https://www.youtube.com/c/EmbajadaArgentinaantelaSantaSede
UCRANIA,EUCRA,Facebook,https://www.facebook.com/ArgentinaEnUcrania
UCRANIA,EUCRA,Instagram,https://www.instagram.com/argenucrania/
日本国  (JAPÓN),EJAPO,Facebook,https://www.facebook.com/ArgJapon/?ref=bookmarks
