Pais,Cantidad Redes
REINO  DE  BÉLGICA,5
ESTADOS  UNIDOS  DE  AMÉRICA,4
CANADÁ,4
REINO  UNIDO  DE  GRAN  BRETAÑA  E  IRLANDA  DEL  NORTE,4
REPÚBLICA  TUNECINA,4
ESTADOS  UNIDOS  MEXICANOS,3
REPÚBLICA  ITALIANA,3
SANTA  SEDE,3
REPÚBLICA  FEDERATIVA  DEL  BRASIL,2
REPÚBLICA  DE  CHILE,2
REINO  DE  ESPAÑA,2
REPÚBLICA  POPULAR  DE  CHINA,2
REPÚBLICA  ORIENTAL  DEL  URUGUAY,2
REPÚBLICA  DE  LA  INDIA,2
REPÚBLICA  DEL  ECUADOR,2
AUSTRALIA,2
REPÚBLICA  DE  ANGOLA,2
REPÚBLICA  DE  ARMENIA,2
REPÚBLICA  DE  AZERBAIYÁN,2
REPÚBLICA  CHECA,2
REPÚBLICA  DE  COREA,2
REPÚBLICA  DEMOCRÁTICA  FEDERAL  DE  ETIOPÍA,2
REPÚBLICA  DE  FILIPINAS,2
REPÚBLICA  DE  FINLANDIA,2
REPÚBLICA  HELÉNICA,2
IRLANDA,2
REPÚBLICA  FEDERAL  DE  NIGERIA,2
REINO  DE  NORUEGA,2
RUMANIA,2
REPÚBLICA  DE  EL  SALVADOR,2
REINO  DE  SUECIA,2
REPÚBLICA  DE  AUSTRIA,2
UCRANIA,2
REPÚBLICA  BOLIVARIANA  DE  VENEZUELA,2
REPÚBLICA  SOCIALISTA  DE  VIETNAM,2
REPÚBLICA  DE  HONDURAS,2
REPÚBLICA  FEDERAL  DE  ALEMANIA,1
ESTADO  PLURINACIONAL  DE  BOLIVIA,1
ESTADO  DE  ISRAEL,1
REPÚBLICA  DE  SUDÁFRICA,1
REPÚBLICA  DEL  PERÚ,1
REPÚBLICA  ARGELINA  DEMOCRÁTICA  Y  POPULAR,1
REPÚBLICA  ÁRABE  SIRIA,1
BARBADOS,1
REPÚBLICA  DE  COLOMBIA,1
REPÚBLICA  DE  CUBA,1
REINO  DE  DINAMARCA,1
EMIRATOS  ÁRABES  UNIDOS,1
REPÚBLICA  FRANCESA,1
FEDERACIÓN  DE  RUSIA,1
JAMAICA,1
日本国  (JAPÓN),1
REPÚBLICA  DE  KENYA,1
REPÚBLICA  LIBANESA,1
REINO  DE  MARRUECOS,1
REPÚBLICA  DE  MOZAMBIQUE,1
MALASIA,1
REINO  DE  LOS  PAÍSES  BAJOS,1
REPÚBLICA  DE  POLONIA,1
REPÚBLICA  DE  COSTA  RICA,1
REINO  DE  TAILANDIA,1
HUNGRÍA,1
